Concepts,OccurenciesInDocs,Dates
television,4735,1/1/1999
health,4641,12/31/1999
information,4548,1/1/2000
mission,3850,12/31/2000
Consumer Protection,3367,1/1/2001
food,2872,12/31/2001
EUROPEAN COMMISSION,2669,1/1/2002
commission,2625,1/31/2002
report,2449,2/1/2002
business,2306,2/28/2002
interest,2276,3/1/2002
analysis,2203,3/31/2002
education,2113,4/1/2002
director,2105,4/30/2002
office,2027,5/1/2002
price,1990,5/31/2002
show,1900,6/1/2002
music,1887,6/30/2002
company,1876,7/1/2002
authority,1863,7/31/2002
animal,1836,8/1/2002
share,1771,8/31/2002
development,1704,9/1/2002
Mission report,1667,9/30/2002
financial statements,1648,10/1/2002
reference number,1596,10/31/2002
prospectus,1574,11/1/2002
stock,1542,11/30/2002
Veterinary Office,1528,12/1/2002
protection,1483,12/31/2002
prospectus supplement,1370,1/1/2003
product,1345,1/31/2003
final,1343,2/1/2003
project,1296,2/28/2003
principal amount,1265,3/1/2003
competent authority,1261,3/31/2003
technology,1236,4/1/2003
management,1219,4/30/2003
final report,1196,5/1/2003
payment,1170,5/31/2003
consumer,1168,12/16/2009
note,1164,2/26/2014
Undergraduate Colleges,1140,8/26/2013
control,1138,6/8/2010
income,1134,5/28/2009
statement,1122,1/18/2002
income tax,1096,6/30/2014
university,1074,6/30/2012
directive,1037,12/13/2005
rate,1035,4/1/2001
inspection team,1018,11/30/2003
undergraduate,1013,5/15/2005
security,1008,1/15/2009
service,1007,11/20/2012
mission team,1005,5/20/2016
movie,1000,4/24/2013
action,989,7/1/2011
government,935,3/20/2008
Pop CDs,933,2/1/2015
colleges,924,4/20/2008
public health,901,8/28/2005
assessment,886,5/20/2008
status,863,3/29/2005
program,863,6/20/2008
option,861,8/1/2014
veterinary,854,10/30/2012
meeting,843,10/30/2016
draft report,838,11/1/2008
nstein,831,9/1/2014
inspection,793,9/1/2012
movies,792,3/15/2013
state,778,11/1/2011
plan,770,7/1/2011
consolidated financial statements,740,9/10/2006
competent authorities,730,10/1/2008
decision,727,10/1/2013
system,723,12/1/2010
treatment,716,6/13/2006
research,713,2/10/2012
training,711,12/15/2011
loan,688,1/1/2024
market,676,10/15/2013
document,669,4/1/2006
reality,666,4/15/2014
experience,666,5/20/2017
drama,654,7/19/2010
establishment,652,12/15/2005
action items,647,9/25/2003
net income,642,11/6/2003
disease,633,5/25/2011
policy,618,6/1/2019
community,610,6/15/2013
health care,609,9/28/2006
reality shows,607,11/15/2010
enron,607,12/8/2013
principal,604,6/29/2012
certificate,599,5/1/2007
financial,589,5/1/2017
agreement,589,11/15/2013
interest rate,588,6/15/2005
meat,586,1/1/1998
article,570,12/31/1998
school,565,1/1/1999
animal health,556,12/31/1999
data,551,1/1/2000
telephone,549,12/31/2000
e-mail,548,1/1/2001
fair value,542,12/31/2001
comments,539,1/1/2002
action plan,537,1/31/2002
programme,529,2/1/2002
money,529,2/28/2002
principal balance,522,3/1/2002
design,518,3/31/2002
trust,510,4/1/2002
income taxes,507,4/30/2002
holder,504,5/1/2002
power,501,5/31/2002
federal income,500,6/1/2002
series,499,6/30/2002
property,498,7/1/2002
Office Park,494,7/31/2002
family,492,8/1/2002
Publications Office,491,8/31/2002
services,488,9/1/2002
legislation,482,9/30/2002
period,481,10/1/2002
mortgage,476,10/31/2002
game,473,11/1/2002
Graduate Schools,469,11/30/2002
bovine,469,12/1/2002
preferred stock,463,12/31/2002
risk,460,1/1/2003
exchange,453,1/31/2003
support,450,2/1/2003
recommendations,450,2/28/2003
construction,450,3/1/2003
supplement,448,3/31/2003
plant,442,4/1/2003
mortgage loans,442,4/30/2003
registration statement,439,5/1/2003
distribution,439,5/31/2003
l'annexe,438,12/16/2009
music videos,437,2/26/2014
graduate,431,8/26/2013
Comedy Movies,425,6/8/2010
European Union,421,5/28/2009
tax,420,1/18/2002
safety,420,6/30/2014
subject,416,6/30/2012
patient,414,12/13/2005
comedy shows,413,4/1/2001
equipment,408,11/30/2003
group,404,5/15/2005
testing,400,1/15/2009
recommendation,400,11/20/2012
paragraphe,400,5/20/2016
internet,400,4/24/2013
companies,398,7/1/2011
fax,397,3/20/2008
sales,396,2/1/2015
mailbox,396,4/20/2008
population,394,8/28/2005
debt securities,394,5/20/2008
member,393,3/29/2005
tv,390,6/20/2008
risk assessment,390,8/1/2014
evaluation,390,10/30/2012
home,385,10/30/2016
page,384,11/1/2008
permanent,377,9/1/2014
federal income tax,377,9/1/2012
monitoring,370,3/15/2013
national,369,11/1/2011
mental health,368,7/1/2011
feed ban,368,9/10/2006
products,361,10/1/2008
team,358,10/1/2013
operation,358,12/1/2010
sheila,357,6/13/2006
political,357,2/10/2012
activity,357,12/15/2011
feed,352,1/1/2024
debt,351,10/15/2013
responsibility,346,4/1/2006
quality,344,4/15/2014
exercise,344,5/20/2017
production,343,7/19/2010
exchange offer,342,12/15/2005
class,342,9/25/2003
employee,341,11/6/2003
response,339,5/25/2011
table,338,6/1/2019
real estate,338,6/15/2013
fishery products,338,9/28/2006
technical,337,11/15/2010
cash flows,335,12/8/2013
countries,334,6/29/2012
internal,333,5/1/2007
hygiene,333,5/1/2017
business schools,333,11/15/2013
gas,332,6/15/2005
mental,331,1/1/1998
industry,329,12/31/1998
bovine animals,328,1/1/1999
natural gas,327,12/31/1999
document number,326,1/1/2000
union,325,12/31/2000
laboratory,325,1/1/2001
communication,324,12/31/2001
schools,323,1/1/2002
Remote Support,323,1/31/2002
videos,322,2/1/2002
Drama Shows,321,2/28/2002
performance,320,3/1/2002
environment,320,3/31/2002
investment,317,4/1/2002
women,316,4/30/2002
contract,316,5/1/2002
lead inspector,315,5/31/2002
head,315,6/1/2002
students,314,6/30/2002
prevention,314,7/1/2002
indenture,314,7/31/2002
forward-looking statements,314,8/1/2002
meat products,312,8/31/2002
EUROPEAN COMMUNITIES,310,9/1/2002
insurance,308,9/30/2002
brussels,307,10/1/2002
animal identification,306,10/31/2002
Chief Veterinary Officer,303,11/1/2002
person,301,11/30/2002
membre,301,12/1/2002
vaccination,299,12/31/2002
area,299,1/1/2003
On-Site Support,297,1/31/2003
credit facility,295,2/1/2003
college,295,2/28/2003
authorities,294,3/1/2003
movement,293,3/31/2003
question,292,4/1/2003
Sales Representatives,291,4/30/2003
horror movies,291,5/1/2003
attention,291,5/31/2003
fantasy,289,12/16/2009
Status Meeting,288,2/26/2014
description,288,8/26/2013
Drama Movies,286,6/8/2010
books,285,5/28/2009
notes,284,1/18/2002
facility,283,6/30/2014
interest rates,282,6/30/2012
building,281,12/13/2005
work,279,4/1/2001
Distribution Date,278,11/30/2003
net,275,5/15/2005
police,273,1/15/2009
Sales Support,271,11/20/2012
ligne directe,271,5/20/2016
asset,271,4/24/2013
animal origin,270,7/1/2011
water,269,3/20/2008
boring,269,2/1/2015
study,267,4/20/2008
vice president,264,8/28/2005
sci-fi,264,5/20/2008
unit,262,3/29/2005
federal government,262,6/20/2008
fresh meat,261,8/1/2014
draft,260,10/30/2012
regulation,256,10/30/2016
on-site,255,11/1/2008
channels,255,9/1/2014
message,254,9/1/2012
competent,254,3/15/2013
accompanying prospectus,254,11/1/2011
rapport final,251,7/1/2011
selling stockholders,250,9/10/2006
public,250,10/1/2008
investigation,250,10/1/2013
position,249,12/1/2010
content,249,6/13/2006
financial condition,246,2/10/2012
shares,244,12/15/2011
representative,244,1/1/2024
video,243,10/15/2013
Brussels Belgium,240,4/1/2006
physical,239,4/15/2014
universities,236,5/20/2017
Fantasy Movies,236,7/19/2010
live animals,235,12/15/2005
committee,232,9/25/2003
Thriller Movies,231,11/6/2003
channel,230,5/25/2011
patients,228,6/1/2019
oil,228,6/15/2013
level,227,9/28/2006
fallen stock,226,11/15/2010
list,224,12/8/2013
child,224,6/29/2012
social,223,5/1/2007
photograph,223,5/1/2017
COMMISSION DECISION,222,11/15/2013
road,221,6/15/2005
dernier lieu,221,1/1/1998
solution,220,12/31/1998
bill,220,1/1/1999
paper,219,12/31/1999
project management,218,1/1/2000
news,218,12/31/2000
shareholder,217,1/1/2001
payment date,217,12/31/2001
procedure,216,1/1/2002
veterinary services,215,1/31/2002
supervision,215,2/1/2002
transaction,214,2/28/2002
test,214,3/1/2002
measures,213,3/31/2002
human consumption,212,4/1/2002
exchange agent,212,4/30/2002
draft mission report,212,5/1/2002
zone,211,5/31/2002
official services,211,6/1/2002
expense,211,6/30/2002
reporting period,210,7/1/2002
human,210,7/31/2002
photo,209,8/1/2002
capital,209,8/31/2002
sheep,208,9/1/2002
letter,208,9/30/2002
conversion,208,10/1/2002
health promotion,207,10/31/2002
corporation,207,11/1/2002
bank,207,11/30/2002
Permanent Representative,206,12/1/2002
cost,206,12/31/2002
reporting,204,1/1/2003
energy,204,1/31/2003
net sales,203,2/1/2003
exposure,203,2/28/2003
competent authority comments,203,3/1/2003
milk,202,3/31/2003
clinical trials,202,4/1/2003
sample,201,4/30/2003
plant health,201,5/1/2003
Health information,201,5/31/2003
working document,200,12/16/2009
opinion,200,2/26/2014
excellency,200,8/26/2013
phone,199,6/8/2010
net loss,199,5/28/2009
language,198,1/18/2002
Health Services,197,6/30/2014
book,197,6/30/2012
practice,196,12/13/2005
closeout,196,4/1/2001
paragraph,195,11/30/2003
martin,195,5/15/2005
environmental,195,1/15/2009
member states,194,11/20/2012
gouvernement,194,5/20/2016
place,193,4/24/2013
conditions,193,7/1/2011
communautaire,193,3/20/2008
hospital,192,2/1/2015
brain,192,4/20/2008
architecture,191,8/28/2005
applicable prospectus,190,5/20/2008
behavior,189,3/29/2005
official control,188,6/20/2008
loss,188,8/1/2014
stockholder,187,10/30/2012
region,187,10/30/2016
closeout note,187,11/1/2008
application,186,9/1/2014
value,185,9/1/2012
sent,185,3/15/2013
European Union Rue,185,11/1/2011
European parliament,185,7/1/2011
national expert,184,9/10/2006
minister,184,10/1/2008
annoying,184,10/1/2013
history,182,12/1/2010
final meeting,182,6/13/2006
reference,181,2/10/2012
News Shows,181,12/15/2011
intra-Community trade,181,1/1/2024
house,181,10/15/2013
export,181,4/1/2006
directorate,181,4/15/2014
call,181,5/20/2017
animal welfare,181,7/19/2010
text,180,12/15/2005
operating results,180,9/25/2003
holding,180,11/6/2003
border inspection,180,5/25/2011
eradication,179,6/1/2019
animals,179,6/15/2013
network,178,9/28/2006
drive,178,11/15/2010
conference,178,12/8/2013
classical swine fever,178,6/29/2012
young people,177,5/1/2007
official controls,177,5/1/2017
council,177,11/15/2013
viande,176,6/15/2005
animal health conditions,176,1/1/1998
aggregate,176,12/31/1998
final version,175,1/1/1999
expert,175,12/31/1999
receivable,174,1/1/2000
electricity,174,12/31/2000
alimentaire,174,1/1/2001
agriculture,174,12/31/2001
partnership,173,1/1/2002
indebtedness,173,1/31/2002
cattle,173,2/1/2002
rare diseases,172,2/28/2002
European Union Avenue,172,3/1/2002
band,172,3/31/2002
national legislation,171,4/1/2002
veterinary checks,170,4/30/2002
selling securityholders,170,5/1/2002
season,170,5/31/2002
rating,170,6/1/2002
version,169,6/30/2002
Union Avenue d'Auderghem,169,7/1/2002
surveys,169,7/31/2002
picture,169,8/1/2002
search,168,8/31/2002
related,168,9/1/2002
manager,168,9/30/2002
learning,168,10/1/2002
drug,168,10/31/2002
requirement,167,11/1/2002
United Kingdom,166,11/30/2002
employment,166,12/1/2002
conseil,166,12/31/2002
applicable,166,1/1/2003
use,165,1/31/2003
subsidiary,164,2/1/2003
satisfactory response,164,2/28/2003
consignment,164,3/1/2003
case,164,3/31/2003
campus,164,4/1/2003
influenza,163,4/30/2003
identification,163,5/1/2003
exchange notes,162,5/31/2003
male,161,12/16/2009
contact,161,2/26/2014
bivalve molluscs,161,8/26/2013
talent,160,6/8/2010
student,160,5/28/2009
street,160,1/18/2002
produits,160,6/30/2014
literature,160,6/30/2012
voice,159,12/13/2005
trading,159,4/1/2001
regard,159,11/30/2003
annex,159,5/15/2005
import controls,158,1/15/2009
implementation,158,11/20/2012
animaux,158,5/20/2016
interesting,157,4/24/2013
documentation,157,7/1/2011
substance,156,3/20/2008
indenture trustee,156,2/1/2015
feedback,156,4/20/2008
Countrywide Home,156,8/28/2005
character,156,5/20/2008
beef products,156,3/29/2005
mcgraw-hill,155,6/20/2008
fund,155,8/1/2014
female,155,10/30/2012
Country desk,155,10/30/2016
user,154,11/1/2008
process,154,9/1/2014
preferred securities,154,9/1/2012
effort,154,3/15/2013
discussion,154,11/1/2011
dass,154,7/1/2011
srm,153,9/10/2006
copy,153,10/1/2008
surveillance,152,10/1/2013
hrt werden,152,12/1/2010
agent,152,6/13/2006
visa,151,2/10/2012
special edition,151,12/15/2011
outstanding,151,1/1/2024
Commission services,151,10/15/2013
questions,150,4/1/2006
life,150,4/15/2014
kommission,150,5/20/2017
fiscal,150,7/19/2010
egg products,149,12/15/2005
cash,149,9/25/2003
Home Loans,148,11/6/2003
farm,148,5/25/2011
competition,148,6/1/2019
children,148,6/15/2013
systems,147,9/28/2006
report extracts,147,11/15/2010
minced meat,147,12/8/2013
instruction,147,6/29/2012
engineering,147,5/1/2007
alcohol,146,5/1/2017
love,145,11/15/2013
David James,145,6/15/2005
stock options,144,1/1/1998
senate,144,12/31/1998
Project Manager,144,1/1/1999
intellectual property,144,12/31/1999
ability,144,1/1/2000
sex,143,12/31/2000
official veterinarian,143,1/1/2001
girls,143,12/31/2001
employees,143,1/1/2002
disorder,143,1/31/2002
selling shareholders,142,2/1/2002
marketing,142,2/28/2002
applicable prospectus supplement,142,3/1/2002
workers,141,3/31/2002
shows,141,4/1/2002
president,141,4/30/2002
association,141,5/1/2002
veterinary supervision,140,5/31/2002
servicing agreement,140,6/1/2002
sale,140,6/30/2002
health status,140,7/1/2002
candidate countries,140,7/31/2002
bbc,140,8/1/2002
psychology,139,8/31/2002
disorders,139,9/1/2002
cooperation,139,9/30/2002
poultry,138,10/1/2002
lutte contre,138,10/31/2002
panel,137,11/1/2002
market price,137,11/30/2002
inspector,137,12/1/2002
growth,137,12/31/2002
Czech Republic,137,1/1/2003
appropriate official services,137,1/31/2003
trustee,136,2/1/2003
preferred,136,2/28/2003
Journal officiel,136,3/1/2003
documents,136,3/31/2003
account,136,4/1/2003
results,135,4/30/2003
rates,135,5/1/2003
food safety,135,5/31/2003
episode,135,12/16/2009
transmission,134,2/26/2014
songs,134,8/26/2013
nutrition,134,6/8/2010
meat preparations,134,5/28/2009
requirements,133,1/18/2002
medical,133,6/30/2014
department,133,6/30/2012
strategy,132,12/13/2005
site,132,4/1/2001
psychological,132,11/30/2003
import,132,5/15/2005
eradication programme,132,1/15/2009
engineer,132,11/20/2012
purchase price,131,5/20/2016
health professionals,131,4/24/2013
egg,131,7/1/2011
administration,131,3/20/2008
plant health system,130,2/1/2015
film,130,4/20/2008
field,130,8/28/2005
redemption,129,5/20/2008
outbreak,129,3/29/2005
magazine,129,6/20/2008
follow-up,129,8/1/2014
compliance,129,10/30/2012
accordance,129,10/30/2016
transportation,128,11/1/2008
source,128,9/1/2014
hip-hop,128,9/1/2012
test report,127,3/15/2013
Political sensitivity,127,11/1/2011
mastercard,127,7/1/2011
delivery,127,9/10/2006
analysts,127,10/1/2008
produit,126,10/1/2013
external,126,12/1/2010
client,126,6/13/2006
check,126,2/10/2012
caption,126,12/15/2011
blood,126,1/1/2024
beef,126,10/15/2013
analyst,126,4/1/2006
aggregate principal,126,4/15/2014
revenue,125,5/20/2017
relation,125,7/19/2010
needs,125,12/15/2005
Financial Times,125,9/25/2003
contingency plans,125,11/6/2003
change,125,5/25/2011
soap operas,124,6/1/2019
offer,124,6/15/2013
feed mills,124,9/28/2006
utility,123,11/15/2010
therapy,123,12/8/2013
securities,123,6/29/2012
Canadian Press,123,5/1/2007
animal products,123,5/1/2017
space,122,11/15/2013
Permanent Representation,122,6/15/2005
officials,122,1/1/1998
Mission reference number,122,12/31/1998
law,122,1/1/1999
economy,122,12/31/1999
Countrywide Home Loans,122,1/1/2000
siemens,121,12/31/2000
interest income,121,1/1/2001
inspection mission,121,12/31/2001
foot-and-mouth disease,121,1/1/2002
benefit,121,1/31/2002
war,120,2/1/2002
mind,120,2/28/2002
measure,120,3/1/2002
integration,120,3/31/2002
index,120,4/1/2002
housing,120,4/30/2002
court,120,5/1/2002
registration,119,5/31/2002
parents,119,6/1/2002
motion,119,6/30/2002
commitment,119,7/1/2002
age,119,7/31/2002
Siemens Proposal,118,8/1/2002
risk factors,118,8/31/2002
entertainment,118,9/1/2002
centre,118,9/30/2002
job,117,10/1/2002
consultation,117,10/31/2002
Rendering Plant,116,11/1/2002
options,116,11/30/2002
media,116,12/1/2002
health systems,116,12/31/2002
boys,116,1/1/2003
activities,116,1/31/2003
trust fund,115,2/1/2003
reason,115,2/28/2003
preparation,115,3/1/2003
plant protection products,115,3/31/2003
life insurance,115,4/1/2003
interest payment,115,4/30/2003
initiative,115,5/1/2003
fish,115,5/31/2003
concentration,115,12/16/2009
room,114,2/26/2014
health policy,114,8/26/2013
effect,114,6/8/2010
data collection,114,5/28/2009
parliament,113,1/18/2002
game meat,113,6/30/2014
fishery reports,113,6/30/2012
faculty,113,12/13/2005
European standard,113,4/1/2001
revolving credit,112,11/30/2003
protection measures,112,5/15/2005
Notified level,112,1/15/2009
knowledge,112,11/20/2012
bovine brucellosis eradication,112,5/20/2016
society,111,4/24/2013
infrastructure,111,7/1/2011
health problems,111,3/20/2008
games,111,2/1/2015
clinical,111,4/20/2008
annual report,111,8/28/2005
Acting Speaker,111,5/20/2008
virus,110,3/29/2005
pathetic,110,6/20/2008
health issues,110,8/1/2014
visit,109,10/30/2012
technologies,109,10/30/2016
sports,109,11/1/2008
healthcare,109,9/1/2014
file,109,9/1/2012
ANIMAL HEALTH SITUATION,109,3/15/2013
residue,108,11/1/2011
prepayment,108,7/1/2011
organisation,108,9/10/2006
merger,108,10/1/2008
honourable,108,10/1/2013
Honourable senators,108,12/1/2010
event,108,6/13/2006
cd,108,2/10/2012
acceptance,108,12/15/2011
senator,107,1/1/2024
scene,107,10/15/2013
monitoring programme,107,4/1/2006
maladies,107,4/15/2014
intangible assets,107,5/20/2017
professors,106,7/19/2010
party,106,12/15/2005
model,106,9/25/2003
magazines,106,11/6/2003
game shows,106,5/25/2011
directorate-general,106,6/1/2019
consumption,106,6/15/2013
changes intracommunautaires,106,9/28/2006
behavioral,106,11/15/2010
acid,106,12/8/2013
swine,105,6/29/2012
situation,105,5/1/2007
evaluation team,105,5/1/2017
change activities,105,11/15/2013
maturity,104,6/15/2005
material,104,1/1/1998
health strategy,104,12/31/1998
electric shock,104,1/1/1999
dividend,104,12/31/1999
senior notes,103,1/1/2000
exercise price,103,12/31/2000
claim,103,1/1/2001
civil,103,12/31/2001
candidate,103,1/1/2002
organization,102,1/31/2002
master servicer,102,2/1/2002
health inequalities,102,2/28/2002
station,101,3/1/2002
regional,101,3/31/2002
problem,101,4/1/2002
plant origin,101,4/30/2002
memory,101,5/1/2002
football,101,5/31/2002
communications,101,6/1/2002
caprine animals,101,6/30/2002
sanitaire,100,7/1/2002
review,100,7/31/2002
radio,100,8/1/2002
professional,100,8/31/2002
milk products,100,9/1/2002
issuer,100,9/30/2002
expiration date,100,10/1/2002
CRIMINAL OFFENSE,100,10/31/2002
conclusion,100,11/1/2002
changes,100,11/30/2002
brand,100,12/1/2002
Voluntary withdrawal,99,12/31/2002
vaccine,99,1/1/2003
province,99,1/31/2003
proposal,99,2/1/2003
presentation,99,2/28/2003
expertise,99,3/1/2003
publication,98,3/31/2003
outstanding notes,98,4/1/2003
offering,98,4/30/2003
land,98,5/1/2003
heart,98,5/31/2003
global security,98,12/16/2009
board,98,2/26/2014
scientific opinion,97,8/26/2013
potato,97,6/8/2010
mesures,97,5/28/2009
exploitation,97,1/18/2002
disposition,97,6/30/2014
culture,97,6/30/2012
comedy,97,12/13/2005
business objects,97,4/1/2001
attached letter,97,11/30/2003
world,96,5/15/2005
trust agreement,96,1/15/2009
size,96,11/20/2012
programs,96,5/20/2016
participation,96,4/24/2013
justice,96,7/1/2011
human rights,96,3/20/2008
corporate,96,2/1/2015
animal feed,96,4/20/2008
administrative provisions,96,8/28/2005
senior,95,5/20/2008
pay,95,3/29/2005
mesure,95,6/20/2008
joint venture,95,8/1/2014
food additives,95,10/30/2012
financial services,95,10/30/2016
extracts,95,11/1/2008
brucellosis,95,9/1/2014
bond,95,9/1/2012
republic,94,3/15/2013
provisions,94,11/1/2011
physical activity,94,7/1/2011
official supervision,94,9/10/2006
methodology,94,10/1/2008
funding,94,10/1/2013
planning,93,12/1/2010
partner,93,6/13/2006
details,93,2/10/2012
deficiencies,93,12/15/2011
approval,93,1/1/2024
animal proteins,93,10/15/2013
agency,93,4/1/2006
violence,92,4/15/2014
view,92,5/20/2017
translated report,92,7/19/2010
promotion,92,12/15/2005
poultry meat,92,9/25/2003
intervention,92,11/6/2003
insurance policy,92,5/25/2011
avian influenza,92,6/1/2019
scientific,91,6/15/2013
potato sector,91,9/28/2006
facilities,91,11/15/2010
evaluation plan,91,12/8/2013
conversion rate,91,6/29/2012
art,91,5/1/2007
approach,91,5/1/2017
aircraft,91,11/15/2013
trade,90,6/15/2005
topic,90,1/1/1998
raw milk,90,12/31/1998
Pool Balance,90,1/1/1999
method,90,12/31/1999
leadership,90,1/1/2000
lane,90,12/31/2000
corpus,90,1/1/2001
capital stock,90,12/31/2001
annuity,90,1/1/2002
slaughterhouse,89,1/31/2002
reputation,89,2/1/2002
hotel,89,2/28/2002
web services,88,3/1/2002
Space Technology,88,3/31/2002
projet,88,4/1/2002
pesticide residues,88,4/30/2002
mental health problems,88,5/1/2002
market value,88,5/31/2002
light,88,6/1/2002
intra-community,88,6/30/2002
injury,88,7/1/2002
herd,88,7/31/2002
division,88,8/1/2002
depositary shares,88,8/31/2002
debt security,88,9/1/2002
death,88,9/30/2002
cabinet,88,10/1/2002
advertising,88,10/31/2002
structural,87,11/1/2002
relationship,87,11/30/2002
pre-mission letters,87,12/1/2002
operations,87,12/31/2002
transport,86,1/1/2003
rules,86,1/31/2003
plant protection,86,2/1/2003
health claim,86,2/28/2003
fishery,86,3/1/2003
survey,85,3/31/2003
politics,85,4/1/2003
lead,85,4/30/2003
jokes,85,5/1/2003
code,85,5/31/2003
Change Activity,85,12/16/2009
cell,85,2/26/2014
structure,84,8/26/2013
STATE SECURITIES COMMISSION,84,6/8/2010
session,84,5/28/2009
equity,84,1/18/2002
species,83,6/30/2014
sensitivity,83,6/30/2012
protein,83,12/13/2005
participant,83,4/1/2001
ordinary course,83,11/30/2003
neurons,83,5/15/2005
mortality,83,1/15/2009
health certificate,83,11/20/2012
hair,83,5/20/2016
directeur,83,4/24/2013
architect,83,7/1/2011
adverse effect,83,3/20/2008
schedule,82,2/1/2015
retirement,82,4/20/2008
refinement,82,8/28/2005
protective measures,82,5/20/2008
project plan,82,3/29/2005
morning,82,6/20/2008
maladies rares,82,8/1/2014
english,82,10/30/2012
economic,82,10/30/2016
animal movements,82,11/1/2008
record,81,9/1/2014
parent,81,9/1/2012
machine operator,81,3/15/2013
Finnish special edition,81,11/1/2011
establishments,81,7/1/2011
credit,81,9/10/2006
brucellosis eradication programme,81,10/1/2008
beneficial ownership,81,10/1/2013
avenue,81,12/1/2010
toxicity,80,6/13/2006
storage,80,2/10/2012
senior credit,80,12/15/2011
porcine,80,1/1/2024
object,80,10/15/2013
net cash,80,4/1/2006
indicator,80,4/15/2014
foreign,80,5/20/2017
email,80,7/19/2010
contribution,80,12/15/2005
chief executive,80,9/25/2003
suicide,79,11/6/2003
raw material,79,5/25/2011
members,79,6/1/2019
detailed design,79,6/15/2013
database,79,9/28/2006
contractor,79,11/15/2010
certification,79,12/8/2013
water supply,78,6/29/2012
veterinary service,78,5/1/2007
syndrome,78,5/1/2017
subordinated debt,78,11/15/2013
standard,78,6/15/2005
pharmaceutical,78,1/1/1998
pension plan,78,12/31/1998
Pending confirmation,78,1/1/1999
mortgaged property,78,12/31/1999
machine,78,1/1/2000
leave,78,12/31/2000
extension,78,1/1/2001
discontinued operations,78,12/31/2001
control systems,78,1/1/2002
update,77,1/31/2002
rights,77,2/1/2002
provenance,77,2/28/2002
Nonfiction Books,77,3/1/2002
male James,77,3/31/2002
long-term debt,77,4/1/2002
food hygiene,77,4/30/2002
customer,77,5/1/2002
confidential,77,5/31/2002
collection,77,6/1/2002
cancer,77,6/30/2002
bovine brucellosis,77,7/1/2002
active substance,77,7/31/2002
web,76,8/1/2002
tiers,76,8/31/2002
sampling,76,9/1/2002
multiple assets,76,9/30/2002
merger agreement,76,10/1/2002
location,76,10/31/2002
instructions,76,11/1/2002
institution,76,11/30/2002
humor,76,12/1/2002
doctors,76,12/31/2002
detailed analysis,76,1/1/2003
Deputy Speaker,76,1/31/2003
capacity,76,2/1/2003
term,75,2/28/2003
taxonomy,75,3/1/2003
programming,75,3/31/2003
pain,75,4/1/2003
optional,75,4/30/2003
notification,75,5/1/2003
monsieur,75,5/31/2003
medicine,75,12/16/2009
health determinants,75,2/26/2014
gold,75,8/26/2013
expectations,75,6/8/2010
central level,75,5/28/2009
attitudes,75,1/18/2002
receptor,74,6/30/2014
product candidates,74,6/30/2012
Issue Date,74,12/13/2005
intake,74,4/1/2001
Average Loan Rate,74,11/30/2003
Acceptance Activity,74,5/15/2005
Swedish special edition,73,1/15/2009
success,73,11/20/2012
staff,73,5/20/2016
Slovak Republic,73,4/24/2013
seed,73,7/1/2011
provision,73,3/20/2008
power plants,73,2/1/2015
peer review,73,4/20/2008
parenting,73,8/28/2005
official veterinarians,73,5/20/2008
obesity,73,3/29/2005
Law Schools,73,6/20/2008
federal,73,8/1/2014
Court Shows,73,10/30/2012
course,73,10/30/2016
applicable taxes,73,11/1/2008
animal waste,73,9/1/2014
amendment,73,9/1/2012
software,72,3/15/2013
pig,72,11/1/2011
order,72,7/1/2011
offered certificates,72,9/10/2006
newspapers,72,10/1/2008
image,72,10/1/2013
human health,72,12/1/2010
harmful organisms,72,6/13/2006
estate,72,2/10/2012
